threshold,review_rate,policy_accuracy,ai_only_accuracy,accuracy_gain
0.0,1.0,1.0,0.7758620689655172,0.22413793103448276
0.005,1.0,1.0,0.7758620689655172,0.22413793103448276
0.01,1.0,1.0,0.7758620689655172,0.22413793103448276
0.015,1.0,1.0,0.7758620689655172,0.22413793103448276
0.02,1.0,1.0,0.7758620689655172,0.22413793103448276
0.025,1.0,1.0,0.7758620689655172,0.22413793103448276
0.03,1.0,1.0,0.7758620689655172,0.22413793103448276
0.035,1.0,1.0,0.7758620689655172,0.22413793103448276
0.04,1.0,1.0,0.7758620689655172,0.22413793103448276
0.045,1.0,1.0,0.7758620689655172,0.22413793103448276
0.05,1.0,1.0,0.7758620689655172,0.22413793103448276
0.055,1.0,1.0,0.7758620689655172,0.22413793103448276
0.06,1.0,1.0,0.7758620689655172,0.22413793103448276
0.065,1.0,1.0,0.7758620689655172,0.22413793103448276
0.07,1.0,1.0,0.7758620689655172,0.22413793103448276
0.075,1.0,1.0,0.7758620689655172,0.22413793103448276
0.08,1.0,1.0,0.7758620689655172,0.22413793103448276
0.085,1.0,1.0,0.7758620689655172,0.22413793103448276
0.09,1.0,1.0,0.7758620689655172,0.22413793103448276
0.095,1.0,1.0,0.7758620689655172,0.22413793103448276
0.1,1.0,1.0,0.7758620689655172,0.22413793103448276
0.105,1.0,1.0,0.7758620689655172,0.22413793103448276
0.11,1.0,1.0,0.7758620689655172,0.22413793103448276
0.115,1.0,1.0,0.7758620689655172,0.22413793103448276
0.12,1.0,1.0,0.7758620689655172,0.22413793103448276
0.125,1.0,1.0,0.7758620689655172,0.22413793103448276
0.13,1.0,1.0,0.7758620689655172,0.22413793103448276
0.135,1.0,1.0,0.7758620689655172,0.22413793103448276
0.14,1.0,1.0,0.7758620689655172,0.22413793103448276
0.145,1.0,1.0,0.7758620689655172,0.22413793103448276
0.15,1.0,1.0,0.7758620689655172,0.22413793103448276
0.155,1.0,1.0,0.7758620689655172,0.22413793103448276
0.16,1.0,1.0,0.7758620689655172,0.22413793103448276
0.165,1.0,1.0,0.7758620689655172,0.22413793103448276
0.17,1.0,1.0,0.7758620689655172,0.22413793103448276
0.17500000000000002,1.0,1.0,0.7758620689655172,0.22413793103448276
0.18,0.9913793103448276,1.0,0.7758620689655172,0.22413793103448276
0.185,0.9913793103448276,1.0,0.7758620689655172,0.22413793103448276
0.19,0.9827586206896551,1.0,0.7758620689655172,0.22413793103448276
0.195,0.9655172413793104,1.0,0.7758620689655172,0.22413793103448276
0.2,0.9482758620689655,1.0,0.7758620689655172,0.22413793103448276
0.20500000000000002,0.9482758620689655,1.0,0.7758620689655172,0.22413793103448276
0.21,0.9396551724137931,1.0,0.7758620689655172,0.22413793103448276
0.215,0.9396551724137931,1.0,0.7758620689655172,0.22413793103448276
0.22,0.9396551724137931,1.0,0.7758620689655172,0.22413793103448276
0.225,0.896551724137931,1.0,0.7758620689655172,0.22413793103448276
0.23,0.8879310344827587,1.0,0.7758620689655172,0.22413793103448276
0.23500000000000001,0.8793103448275862,1.0,0.7758620689655172,0.22413793103448276
0.24,0.8706896551724138,1.0,0.7758620689655172,0.22413793103448276
0.245,0.8620689655172413,1.0,0.7758620689655172,0.22413793103448276
0.25,0.8620689655172413,1.0,0.7758620689655172,0.22413793103448276
0.255,0.8620689655172413,1.0,0.7758620689655172,0.22413793103448276
0.26,0.8448275862068966,1.0,0.7758620689655172,0.22413793103448276
0.265,0.8362068965517241,1.0,0.7758620689655172,0.22413793103448276
0.27,0.8362068965517241,1.0,0.7758620689655172,0.22413793103448276
0.275,0.8362068965517241,1.0,0.7758620689655172,0.22413793103448276
0.28,0.8275862068965517,1.0,0.7758620689655172,0.22413793103448276
0.28500000000000003,0.8275862068965517,1.0,0.7758620689655172,0.22413793103448276
0.29,0.7931034482758621,1.0,0.7758620689655172,0.22413793103448276
0.295,0.7844827586206896,1.0,0.7758620689655172,0.22413793103448276
0.3,0.7758620689655172,1.0,0.7758620689655172,0.22413793103448276
0.305,0.7758620689655172,1.0,0.7758620689655172,0.22413793103448276
0.31,0.7672413793103449,0.9913793103448276,0.7758620689655172,0.2155172413793104
0.315,0.7672413793103449,0.9913793103448276,0.7758620689655172,0.2155172413793104
0.32,0.7586206896551724,0.9913793103448276,0.7758620689655172,0.2155172413793104
0.325,0.7327586206896551,0.9827586206896551,0.7758620689655172,0.2068965517241379
0.33,0.7241379310344828,0.9827586206896551,0.7758620689655172,0.2068965517241379
0.335,0.6982758620689655,0.9741379310344828,0.7758620689655172,0.19827586206896552
0.34,0.6982758620689655,0.9741379310344828,0.7758620689655172,0.19827586206896552
0.34500000000000003,0.6896551724137931,0.9741379310344828,0.7758620689655172,0.19827586206896552
0.35000000000000003,0.6896551724137931,0.9741379310344828,0.7758620689655172,0.19827586206896552
0.355,0.6810344827586207,0.9741379310344828,0.7758620689655172,0.19827586206896552
0.36,0.6810344827586207,0.9741379310344828,0.7758620689655172,0.19827586206896552
0.365,0.6724137931034483,0.9741379310344828,0.7758620689655172,0.19827586206896552
0.37,0.6637931034482759,0.9741379310344828,0.7758620689655172,0.19827586206896552
0.375,0.6551724137931034,0.9741379310344828,0.7758620689655172,0.19827586206896552
0.38,0.6551724137931034,0.9741379310344828,0.7758620689655172,0.19827586206896552
0.385,0.646551724137931,0.9741379310344828,0.7758620689655172,0.19827586206896552
0.39,0.646551724137931,0.9741379310344828,0.7758620689655172,0.19827586206896552
0.395,0.6379310344827587,0.9655172413793104,0.7758620689655172,0.18965517241379315
0.4,0.6379310344827587,0.9655172413793104,0.7758620689655172,0.18965517241379315
0.405,0.6206896551724138,0.9655172413793104,0.7758620689655172,0.18965517241379315
0.41000000000000003,0.6120689655172413,0.9655172413793104,0.7758620689655172,0.18965517241379315
0.41500000000000004,0.5948275862068966,0.9655172413793104,0.7758620689655172,0.18965517241379315
0.42,0.5948275862068966,0.9655172413793104,0.7758620689655172,0.18965517241379315
0.425,0.5948275862068966,0.9655172413793104,0.7758620689655172,0.18965517241379315
0.43,0.5689655172413793,0.9655172413793104,0.7758620689655172,0.18965517241379315
0.435,0.5603448275862069,0.9655172413793104,0.7758620689655172,0.18965517241379315
0.44,0.5603448275862069,0.9655172413793104,0.7758620689655172,0.18965517241379315
0.445,0.5603448275862069,0.9655172413793104,0.7758620689655172,0.18965517241379315
0.45,0.5603448275862069,0.9655172413793104,0.7758620689655172,0.18965517241379315
0.455,0.5431034482758621,0.9655172413793104,0.7758620689655172,0.18965517241379315
0.46,0.5431034482758621,0.9655172413793104,0.7758620689655172,0.18965517241379315
0.465,0.5344827586206896,0.9655172413793104,0.7758620689655172,0.18965517241379315
0.47000000000000003,0.5172413793103449,0.9655172413793104,0.7758620689655172,0.18965517241379315
0.47500000000000003,0.5172413793103449,0.9655172413793104,0.7758620689655172,0.18965517241379315
0.48,0.5086206896551724,0.9655172413793104,0.7758620689655172,0.18965517241379315
0.485,0.49137931034482757,0.9568965517241379,0.7758620689655172,0.18103448275862066
0.49,0.47413793103448276,0.9568965517241379,0.7758620689655172,0.18103448275862066
0.495,0.46551724137931033,0.9482758620689655,0.7758620689655172,0.1724137931034483
0.5,0.4482758620689655,0.9396551724137931,0.7758620689655172,0.1637931034482759
0.505,0.4396551724137931,0.9396551724137931,0.7758620689655172,0.1637931034482759
0.51,0.4224137931034483,0.9396551724137931,0.7758620689655172,0.1637931034482759
0.515,0.41379310344827586,0.9396551724137931,0.7758620689655172,0.1637931034482759
0.52,0.3879310344827586,0.9224137931034483,0.7758620689655172,0.14655172413793105
0.525,0.3793103448275862,0.9224137931034483,0.7758620689655172,0.14655172413793105
0.53,0.3793103448275862,0.9224137931034483,0.7758620689655172,0.14655172413793105
0.535,0.3793103448275862,0.9224137931034483,0.7758620689655172,0.14655172413793105
0.54,0.3706896551724138,0.9224137931034483,0.7758620689655172,0.14655172413793105
0.545,0.3706896551724138,0.9224137931034483,0.7758620689655172,0.14655172413793105
0.55,0.3620689655172414,0.9137931034482759,0.7758620689655172,0.13793103448275867
0.555,0.3620689655172414,0.9137931034482759,0.7758620689655172,0.13793103448275867
0.56,0.35344827586206895,0.9137931034482759,0.7758620689655172,0.13793103448275867
0.5650000000000001,0.3448275862068966,0.9051724137931034,0.7758620689655172,0.1293103448275862
0.5700000000000001,0.33620689655172414,0.9051724137931034,0.7758620689655172,0.1293103448275862
0.5750000000000001,0.31896551724137934,0.9051724137931034,0.7758620689655172,0.1293103448275862
0.58,0.31896551724137934,0.9051724137931034,0.7758620689655172,0.1293103448275862
0.585,0.3017241379310345,0.896551724137931,0.7758620689655172,0.12068965517241381
0.59,0.29310344827586204,0.896551724137931,0.7758620689655172,0.12068965517241381
0.595,0.27586206896551724,0.8879310344827587,0.7758620689655172,0.11206896551724144
0.6,0.2672413793103448,0.8879310344827587,0.7758620689655172,0.11206896551724144
0.605,0.25862068965517243,0.8793103448275862,0.7758620689655172,0.10344827586206895
0.61,0.25,0.8706896551724138,0.7758620689655172,0.09482758620689657
0.615,0.22413793103448276,0.853448275862069,0.7758620689655172,0.07758620689655171
0.62,0.22413793103448276,0.853448275862069,0.7758620689655172,0.07758620689655171
0.625,0.22413793103448276,0.853448275862069,0.7758620689655172,0.07758620689655171
0.63,0.22413793103448276,0.853448275862069,0.7758620689655172,0.07758620689655171
0.635,0.20689655172413793,0.853448275862069,0.7758620689655172,0.07758620689655171
0.64,0.20689655172413793,0.853448275862069,0.7758620689655172,0.07758620689655171
0.645,0.19827586206896552,0.853448275862069,0.7758620689655172,0.07758620689655171
0.65,0.19827586206896552,0.853448275862069,0.7758620689655172,0.07758620689655171
0.655,0.1724137931034483,0.8275862068965517,0.7758620689655172,0.051724137931034475
0.66,0.1724137931034483,0.8275862068965517,0.7758620689655172,0.051724137931034475
0.665,0.16379310344827586,0.8275862068965517,0.7758620689655172,0.051724137931034475
0.67,0.13793103448275862,0.8189655172413793,0.7758620689655172,0.0431034482758621
0.675,0.13793103448275862,0.8189655172413793,0.7758620689655172,0.0431034482758621
0.68,0.13793103448275862,0.8189655172413793,0.7758620689655172,0.0431034482758621
0.685,0.10344827586206896,0.8103448275862069,0.7758620689655172,0.03448275862068961
0.6900000000000001,0.08620689655172414,0.8017241379310345,0.7758620689655172,0.025862068965517238
0.6950000000000001,0.06896551724137931,0.7931034482758621,0.7758620689655172,0.017241379310344862
0.7000000000000001,0.0603448275862069,0.7844827586206896,0.7758620689655172,0.008620689655172376
0.705,0.0603448275862069,0.7844827586206896,0.7758620689655172,0.008620689655172376
0.71,0.05172413793103448,0.7844827586206896,0.7758620689655172,0.008620689655172376
0.715,0.04310344827586207,0.7844827586206896,0.7758620689655172,0.008620689655172376
0.72,0.02586206896551724,0.7844827586206896,0.7758620689655172,0.008620689655172376
0.725,0.017241379310344827,0.7844827586206896,0.7758620689655172,0.008620689655172376
0.73,0.008620689655172414,0.7844827586206896,0.7758620689655172,0.008620689655172376
0.735,0.008620689655172414,0.7844827586206896,0.7758620689655172,0.008620689655172376
0.74,0.008620689655172414,0.7844827586206896,0.7758620689655172,0.008620689655172376
0.745,0.008620689655172414,0.7844827586206896,0.7758620689655172,0.008620689655172376
0.75,0.008620689655172414,0.7844827586206896,0.7758620689655172,0.008620689655172376
0.755,0.008620689655172414,0.7844827586206896,0.7758620689655172,0.008620689655172376
0.76,0.008620689655172414,0.7844827586206896,0.7758620689655172,0.008620689655172376
0.765,0.0,0.7758620689655172,0.7758620689655172,0.0
0.77,0.0,0.7758620689655172,0.7758620689655172,0.0
0.775,0.0,0.7758620689655172,0.7758620689655172,0.0
0.78,0.0,0.7758620689655172,0.7758620689655172,0.0
0.785,0.0,0.7758620689655172,0.7758620689655172,0.0
0.79,0.0,0.7758620689655172,0.7758620689655172,0.0
0.795,0.0,0.7758620689655172,0.7758620689655172,0.0
0.8,0.0,0.7758620689655172,0.7758620689655172,0.0
0.805,0.0,0.7758620689655172,0.7758620689655172,0.0
0.81,0.0,0.7758620689655172,0.7758620689655172,0.0
0.8150000000000001,0.0,0.7758620689655172,0.7758620689655172,0.0
0.8200000000000001,0.0,0.7758620689655172,0.7758620689655172,0.0
0.8250000000000001,0.0,0.7758620689655172,0.7758620689655172,0.0
0.8300000000000001,0.0,0.7758620689655172,0.7758620689655172,0.0
0.835,0.0,0.7758620689655172,0.7758620689655172,0.0
0.84,0.0,0.7758620689655172,0.7758620689655172,0.0
0.845,0.0,0.7758620689655172,0.7758620689655172,0.0
0.85,0.0,0.7758620689655172,0.7758620689655172,0.0
0.855,0.0,0.7758620689655172,0.7758620689655172,0.0
0.86,0.0,0.7758620689655172,0.7758620689655172,0.0
0.865,0.0,0.7758620689655172,0.7758620689655172,0.0
0.87,0.0,0.7758620689655172,0.7758620689655172,0.0
0.875,0.0,0.7758620689655172,0.7758620689655172,0.0
0.88,0.0,0.7758620689655172,0.7758620689655172,0.0
0.885,0.0,0.7758620689655172,0.7758620689655172,0.0
0.89,0.0,0.7758620689655172,0.7758620689655172,0.0
0.895,0.0,0.7758620689655172,0.7758620689655172,0.0
0.9,0.0,0.7758620689655172,0.7758620689655172,0.0
0.905,0.0,0.7758620689655172,0.7758620689655172,0.0
0.91,0.0,0.7758620689655172,0.7758620689655172,0.0
0.915,0.0,0.7758620689655172,0.7758620689655172,0.0
0.92,0.0,0.7758620689655172,0.7758620689655172,0.0
0.925,0.0,0.7758620689655172,0.7758620689655172,0.0
0.93,0.0,0.7758620689655172,0.7758620689655172,0.0
0.935,0.0,0.7758620689655172,0.7758620689655172,0.0
0.9400000000000001,0.0,0.7758620689655172,0.7758620689655172,0.0
0.9450000000000001,0.0,0.7758620689655172,0.7758620689655172,0.0
0.9500000000000001,0.0,0.7758620689655172,0.7758620689655172,0.0
0.9550000000000001,0.0,0.7758620689655172,0.7758620689655172,0.0
0.96,0.0,0.7758620689655172,0.7758620689655172,0.0
0.965,0.0,0.7758620689655172,0.7758620689655172,0.0
0.97,0.0,0.7758620689655172,0.7758620689655172,0.0
0.975,0.0,0.7758620689655172,0.7758620689655172,0.0
0.98,0.0,0.7758620689655172,0.7758620689655172,0.0
0.985,0.0,0.7758620689655172,0.7758620689655172,0.0
0.99,0.0,0.7758620689655172,0.7758620689655172,0.0
0.995,0.0,0.7758620689655172,0.7758620689655172,0.0
1.0,0.0,0.7758620689655172,0.7758620689655172,0.0
